{
  "MAE": 2.4475687452945643,
  "MSE": 10.85592128879332,
  "RMSE": 3.294832513010839,
  "R2": 0.2319868674542106
}