{
  "MAE": 2.4447795821288105,
  "MSE": 10.84498813570501,
  "RMSE": 3.2931729586684346,
  "R2": 0.23276034442853466
}